﻿<?xml version="1.0" encoding="utf-8"?>
<root>
  <xsd:schema id="root" xmlns="" xmlns:xsd="http://www.w3.org/2001/XMLSchema" xmlns:msdata="urn:schemas-microsoft-com:xml-msdata">
    <xsd:import namespace="http://www.w3.org/XML/1998/namespace" />
    <xsd:element name="root">
      <xsd:complexType>
        <xsd:sequence>
          <xsd:element name="data" maxOccurs="unbounded" minOccurs="0">
            <xsd:complexType>
              <xsd:sequence>
                <xsd:element name="key">
                  <xsd:complexType>
                    <xsd:simpleContent>
                      <xsd:extension base="xsd:string">
                        <xsd:attribute type="xsd:string" name="isActive" use="optional" />
                      </xsd:extension>
                    </xsd:simpleContent>
                  </xsd:complexType>
                </xsd:element>
                <xsd:element type="xsd:string" name="value" />
                <xsd:element type="xsd:string" name="comment" />
              </xsd:sequence>
              <xsd:attribute type="xsd:string" name="isActive" use="optional" />
            </xsd:complexType>
          </xsd:element>
        </xsd:sequence>
      </xsd:complexType>
    </xsd:element>
  </xsd:schema>
  <data isActive="false">
    <key>Home</key>
    <value>Home en</value>
    <comment>Created by XLocalizer</comment>
  </data>
  <data isActive="false">
    <key>Services</key>
    <value>Services</value>
    <comment>Created by XLocalizer</comment>
  </data>
  <data isActive="false">
    <key>About</key>
    <value>About</value>
    <comment>Created by XLocalizer</comment>
  </data>
</root>