﻿<?xml version="1.0" encoding="utf-8"?>
<root>
  <xsd:schema id="root" xmlns="" xmlns:xsd="http://www.w3.org/2001/XMLSchema" xmlns:msdata="urn:schemas-microsoft-com:xml-msdata">
    <xsd:import namespace="http://www.w3.org/XML/1998/namespace" />
    <xsd:element name="root">
      <xsd:complexType>
        <xsd:sequence>
          <xsd:element name="data" maxOccurs="unbounded" minOccurs="0">
            <xsd:complexType>
              <xsd:sequence>
                <xsd:element name="key">
                  <xsd:complexType>
                    <xsd:simpleContent>
                      <xsd:extension base="xsd:string">
                        <xsd:attribute type="xsd:string" name="isActive" use="optional" />
                      </xsd:extension>
                    </xsd:simpleContent>
                  </xsd:complexType>
                </xsd:element>
                <xsd:element type="xsd:string" name="value" />
                <xsd:element type="xsd:string" name="comment" />
              </xsd:sequence>
              <xsd:attribute type="xsd:string" name="isActive" use="optional" />
            </xsd:complexType>
          </xsd:element>
        </xsd:sequence>
      </xsd:complexType>
    </xsd:element>
  </xsd:schema>
  <data isActive="false">
    <key>Home</key>
    <value>Home</value>
    <comment>Created by XLocalizer</comment>
  </data>
  <data isActive="false">
    <key>Services</key>
    <value>Services</value>
    <comment>Created by XLocalizer</comment>
  </data>
  <data isActive="false">
    <key>About</key>
    <value>About</value>
    <comment>Created by XLocalizer</comment>
  </data>
  <data isActive="false">
    <key>Your Email</key>
    <value>E-posta adresiniz</value>
    <comment>Created by XLocalizer</comment>
  </data>
  <data isActive="false">
    <key>The value '{0}' is not valid.</key>
    <value>The value '{0}' is not valid.</value>
    <comment>Created by XLocalizer</comment>
  </data>
  <data isActive="false">
    <key>The {0} field is required.</key>
    <value>The {0} field is required.</value>
    <comment>Created by XLocalizer</comment>
  </data>
  <data isActive="false">
    <key>Save</key>
    <value>Save</value>
    <comment>Created by XLocalizer</comment>
  </data>
  <data isActive="false">
    <key>Cancel</key>
    <value>Cancel</value>
    <comment>Created by XLocalizer</comment>
  </data>
  <data isActive="false">
    <key>The value '{0}' is not valid for {1}.</key>
    <value>The value '{0}' is not valid for {1}.</value>
    <comment>Created by XLocalizer</comment>
  </data>
  <data isActive="false">
    <key>Partners</key>
    <value>Partners</value>
    <comment>Created by XLocalizer</comment>
  </data>
  <data isActive="false">
    <key>Contact</key>
    <value>Contact</value>
    <comment>Created by XLocalizer</comment>
  </data>
  <data isActive="false">
    <key>Your Name</key>
    <value>Adınız</value>
    <comment>Created by XLocalizer</comment>
  </data>
  <data isActive="false">
    <key>The Message</key>
    <value>Mesaj</value>
    <comment>Created by XLocalizer</comment>
  </data>
</root>